case_id,event_id,order,activity,ingredient
1104,0,0.0,cut,chicken
1104,1,0.0,begin,chicken
1104,2,0.0,heating,chicken
1104,3,0.0,cut,breast
1104,4,0.0,begin,breast
1104,5,0.0,heating,breast
1104,6,0.0,cut,oil
1104,7,0.0,begin,oil
1104,8,0.0,heating,oil
1104,9,2.857142857142857,combine,flour
1104,10,2.857142857142857,combine,salt
1104,11,5.714285714285714,combine,vinegar
1104,12,5.714285714285714,combine,soda
1104,13,8.571428571428571,pour,vinegar
1104,14,8.571428571428571,pour,soda
1104,15,8.571428571428571,pour,flour
1104,16,8.571428571428571,pour,water
1104,17,14.285714285714286,let,chicken
1104,18,14.285714285714286,drip,chicken
1104,19,14.285714285714286,place,chicken
1104,20,14.285714285714286,let,oil
1104,21,14.285714285714286,drip,oil
1104,22,14.285714285714286,place,oil
2417,23,5.0,use,chicken
2417,24,5.0,use,egg
2417,25,5.0,use,sauce
2417,26,5.0,use,water
2417,27,10.0,use,flour
2417,28,10.0,use,powder
2417,29,10.0,use,pepper
2417,30,15.0,put,chicken
2417,31,15.0,put,flour
2417,32,15.0,put,chicken
2417,33,20.0,spray,spray
2417,34,25.0,use,chicken
2417,35,25.0,use,spray
2417,36,25.0,use,chicken
2417,37,25.0,use,spray
9173,38,0.0,cut,chicken
9173,39,9.166666666666666,preheat,oil
9173,40,13.75,beat,egg
9173,41,13.75,beat,white
9173,42,18.333333333333332,add,cornstarch
9173,43,18.333333333333332,mix,cornstarch
9173,44,22.916666666666664,add,onion
9173,45,27.499999999999996,dredge,chicken
9173,46,27.499999999999996,cover,chicken
9173,47,27.499999999999996,dredge,cornstarch
9173,48,27.499999999999996,cover,cornstarch
9173,49,32.08333333333333,use,chicken
9173,50,36.666666666666664,remove,oil
9173,51,36.666666666666664,become,oil
9173,52,36.666666666666664,remove,chicken
9173,53,36.666666666666664,become,chicken
9173,54,50.41666666666667,sprinkle,onion
9173,55,50.41666666666667,wish,onion
9610,56,0.0,defrost,chicken
9610,57,0.0,need,chicken
9610,58,0.0,defrost,breast
9610,59,0.0,need,breast
9610,60,0.8333333333333334,mix,honey
9610,61,0.8333333333333334,create,honey
9610,62,0.8333333333333334,mix,sauce
9610,63,0.8333333333333334,create,sauce
9610,64,0.8333333333333334,mix,ginger
9610,65,0.8333333333333334,create,ginger
9610,66,1.6666666666666667,cut,chicken
9610,67,1.6666666666666667,marinate,chicken
9610,68,1.6666666666666667,cut,breast
9610,69,1.6666666666666667,marinate,breast
9610,70,1.6666666666666667,cut,honey
9610,71,1.6666666666666667,marinate,honey
9610,72,2.5,take,chicken
9610,73,2.5,cover,chicken
9610,74,2.5,take,cornstarch
9610,75,2.5,cover,cornstarch
9610,76,2.5,take,egg
9610,77,2.5,cover,egg
9610,78,2.5,take,breadcrumb
9610,79,2.5,cover,breadcrumb
9610,80,3.3333333333333335,use,chicken
12919,81,0.0,cut,chicken
12919,82,0.0,cut,breast
12919,83,20.0,wrap,bacon
12919,84,20.0,secure,bacon
12919,85,40.0,add,marmalade
12919,86,40.0,add,sauce
12919,87,40.0,add,sesame
12919,88,40.0,add,oil
12919,89,40.0,add,ginger
12919,90,40.0,add,garlic
12919,91,40.0,add,chicken
12919,92,80.0,coat,spray
12919,93,80.0,cook,spray
12919,94,80.0,place,spray
13724,95,5.0,flatten,chicken
13724,96,5.0,use,chicken
13724,97,10.0,cut,chicken
13724,98,15.0,combine,polenta
13724,99,20.0,dip,chicken
13724,100,20.0,ensure,chicken
13724,101,20.0,coat,chicken
13724,102,20.0,dip,polenta
13724,103,20.0,ensure,polenta
13724,104,20.0,coat,polenta
13818,105,12.857142857142858,cut,chicken
13818,106,19.285714285714285,dip,chicken
13818,107,19.285714285714285,add,chicken
13818,108,19.285714285714285,dip,butter
13818,109,19.285714285714285,add,butter
13818,110,19.285714285714285,dip,breadcrumb
13818,111,19.285714285714285,add,breadcrumb
14396,112,6.666666666666667,trim,chicken
14396,113,6.666666666666667,cut,chicken
14396,114,10.0,beat,egg
14396,115,10.0,add,egg
14396,116,10.0,beat,water
14396,117,10.0,add,water
14396,118,10.0,beat,chicken
14396,119,10.0,add,chicken
14396,120,13.333333333333334,combine,parsley
14396,121,13.333333333333334,combine,thyme
14396,122,13.333333333333334,combine,pepper
14396,123,13.333333333333334,combine,wheat
14396,124,13.333333333333334,combine,germ
14396,125,13.333333333333334,combine,basil
14396,126,13.333333333333334,combine,ground
14396,127,13.333333333333334,combine,pepper
14396,128,16.666666666666668,stir,oil
14396,129,16.666666666666668,mix,oil
14396,130,16.666666666666668,distribute,oil
14396,131,20.0,pour,chicken
14396,132,20.0,add,chicken
14396,133,26.666666666666664,coat,chicken
14396,134,26.666666666666664,bake,chicken
14396,135,26.666666666666664,turn,chicken
14396,136,26.666666666666664,cook,chicken
14702,137,0.0,cut,chicken
14702,138,3.75,mix,oil
14702,139,3.75,taste,oil
14702,140,3.75,mix,garlic
14702,141,3.75,taste,garlic
14702,142,3.75,mix,salt
14702,143,3.75,taste,salt
14702,144,3.75,mix,pepper
14702,145,3.75,taste,pepper
14702,146,3.75,mix,chili
14702,147,3.75,taste,chili
14702,148,18.75,stir,panko
14702,149,18.75,coat,panko
14702,150,18.75,allow,panko
14702,151,18.75,sit,panko
14702,152,18.75,absorb,panko
14702,153,18.75,stick,panko
14702,154,18.75,stir,chicken
14702,155,18.75,coat,chicken
14702,156,18.75,allow,chicken
14702,157,18.75,sit,chicken
14702,158,18.75,absorb,chicken
14702,159,18.75,stick,chicken
15409,160,0.0,slice,tofu
15409,161,0.0,prefer,tofu
15409,162,6.111111111111111,combine,yogurt
15409,163,6.111111111111111,combine,poultry
15409,164,12.222222222222221,allow,tofu
15409,165,12.222222222222221,marinate,tofu
15409,166,12.222222222222221,allow,yogurt
15409,167,12.222222222222221,marinate,yogurt
15409,168,18.333333333333332,combine,cornmeal
15409,169,18.333333333333332,add,cornmeal
15409,170,36.666666666666664,dredge,tofu
15409,171,36.666666666666664,marinate,tofu
15409,172,36.666666666666664,lie,tofu
15409,173,36.666666666666664,leave,tofu
15409,174,36.666666666666664,dredge,cornmeal
15409,175,36.666666666666664,marinate,cornmeal
15409,176,36.666666666666664,lie,cornmeal
15409,177,36.666666666666664,leave,cornmeal
33841,178,0.0,combine,onion
33841,179,0.0,combine,soup
33841,180,0.0,combine,mix
33841,181,0.0,combine,chili
33841,182,0.0,combine,powder
33841,183,0.0,combine,cumin
33841,184,0.0,combine,thyme
33841,185,0.0,combine,pepper
33841,186,0.0,dip,chicken
33841,187,0.0,coat,chicken
33841,188,0.0,turn,oil
33841,189,0.0,turn,chicken
36835,190,0.0,blend,egg
36835,191,7.5,add,oats
36835,192,7.5,hold,oats
36835,193,11.25,add,apple
36835,194,18.75,dip,egg
36835,195,18.75,coat,egg
36835,196,33.75,sprinkle,salt
44583,197,0.0,cut,chicken
44583,198,11.304347826086957,measure,sauce
44583,199,11.304347826086957,add,sauce
44583,200,11.304347826086957,measure,garlic
44583,201,11.304347826086957,add,garlic
44583,202,11.304347826086957,measure,salt
44583,203,11.304347826086957,add,salt
44583,204,11.304347826086957,measure,pepper
44583,205,11.304347826086957,add,pepper
44583,206,16.956521739130437,pour,chicken
44583,207,33.91304347826087,use,flour
44583,208,33.91304347826087,use,flour
44583,209,45.21739130434782,remove,chicken
44583,210,50.8695652173913,remove,chicken
44583,211,50.8695652173913,remove,flour
44583,212,62.17391304347825,recommend,chicken
44583,213,62.17391304347825,dip,chicken
44583,214,62.17391304347825,recommend,flour
44583,215,62.17391304347825,dip,flour
44583,216,73.47826086956522,fry,vegetable
44583,217,73.47826086956522,fry,oil
44583,218,84.78260869565219,set,vegetable
44583,219,84.78260869565219,set,oil
44583,220,96.08695652173915,cover,oil
44583,221,113.0434782608696,look,oil
44583,222,113.0434782608696,remove,oil
44583,223,113.0434782608696,prepare,oil
44583,224,113.0434782608696,sop,oil
44946,225,0.0,use,chicken
44946,226,5.0,add,bread
44946,227,5.0,add,chicken
44946,228,5.0,add,onion
44946,229,5.0,add,stock
44946,230,5.0,add,powder
44946,231,5.0,add,salt
44946,232,5.0,add,pepper
44946,233,10.0,grate,potato
44946,234,10.0,add,potato
44946,235,10.0,help,potato
44946,236,10.0,bind,potato
44946,237,10.0,grate,chicken
44946,238,10.0,add,chicken
44946,239,10.0,help,chicken
44946,240,10.0,bind,chicken
44946,241,10.0,grate,egg
44946,242,10.0,add,egg
44946,243,10.0,help,egg
44946,244,10.0,bind,egg
44946,245,10.0,grate,yolk
44946,246,10.0,add,yolk
44946,247,10.0,help,yolk
44946,248,10.0,bind,yolk
44946,249,20.0,coat,flour
44946,250,20.0,dip,flour
44946,251,20.0,coat,flour
44946,252,20.0,coat,egg
44946,253,20.0,dip,egg
44946,254,20.0,coat,egg
44946,255,20.0,coat,breadcrumb
44946,256,20.0,dip,breadcrumb
44946,257,20.0,coat,breadcrumb
44946,258,25.0,cook,oil
44946,259,25.0,bake,oil
44947,260,4.5,cut,chicken
44947,261,6.75,mix,ranch
44947,262,6.75,mix,milk
44947,263,9.0,put,chicken
44947,264,9.0,put,milk
44947,265,11.25,crush,ritz
44947,266,11.25,crush,cracker
44947,267,15.75,use,cracker
44947,268,15.75,use,paprika
44947,269,20.25,place,chicken
44947,270,27.0,repeat,chicken
44947,271,27.0,coat,chicken
44947,272,29.25,bake,chicken
44948,273,38.0,look,mayonnaise
44948,274,38.0,add,mayonnaise
44949,275,5.0,use,cereal
44949,276,5.0,use,cheese
44949,277,5.0,use,salt
44949,278,5.0,use,paprika
44949,279,5.0,use,garlic
44949,280,5.0,use,powder
44949,281,10.0,use,honey
44949,282,10.0,use,mustard
44949,283,15.0,stir,chicken
44949,284,15.0,roll,chicken
44949,285,15.0,coat,chicken
44950,286,0.0,heat,pasta
44950,287,0.0,heat,sauce
44950,288,0.0,heat,chicken
44950,289,0.0,heat,nugget
44950,290,0.0,heat,chicken
44950,291,2.5,sprinkle,mozzarella
44950,292,2.5,sprinkle,cheese
44950,293,2.5,sprinkle,cheese
44950,294,5.0,cover,cheese
44950,295,5.0,melt,cheese
44950,296,7.5,serve,pasta
44951,297,0.0,combine,broth
44951,298,0.0,combine,chily
44951,299,8.4375,saute,onion
44951,300,8.4375,saute,butter
44951,301,11.25,stir,chili
44951,302,11.25,stir,powder
44951,303,11.25,stir,cumin
44951,304,11.25,stir,garlic
44951,305,22.5,add,sugar
44951,306,22.5,add,juice
44951,307,22.5,add,ketchup
44951,308,22.5,add,lemon
44951,309,22.5,add,juice
44951,310,30.9375,combine,cornmeal
44951,311,30.9375,combine,chili
44951,312,30.9375,combine,powder
44951,313,30.9375,combine,cumin
44951,314,30.9375,combine,salt
44951,315,33.75,add,chicken
44951,316,33.75,shake,chicken
44951,317,36.5625,use,oil
44951,318,39.375,cook,chicken
44951,319,39.375,run,chicken
44951,320,39.375,turn,chicken
44951,321,39.375,cook,juice
44951,322,39.375,run,juice
44951,323,39.375,turn,juice
44952,324,3.6363636363636362,spread,potato
44952,325,3.6363636363636362,spread,chip
44952,326,7.2727272727272725,beat,egg
44952,327,7.2727272727272725,beat,milk
44952,328,10.909090909090908,dip,chicken
44952,329,10.909090909090908,dredge,chicken
44952,330,10.909090909090908,dip,egg
44952,331,10.909090909090908,dredge,egg
44952,332,10.909090909090908,dip,chip
44952,333,10.909090909090908,dredge,chip
44952,334,14.545454545454545,place,chicken
44952,335,14.545454545454545,place,butter
44952,336,21.818181818181817,use,honey
44952,337,21.818181818181817,use,mustard
44952,338,25.454545454545453,combine,juice
44952,339,32.72727272727273,pour,juice
44952,340,32.72727272727273,dress,juice
44952,341,32.72727272727273,dip,juice
44953,342,5.0,combine,butter
44953,343,5.0,combine,cayenne
44953,344,5.0,combine,pepper
44953,345,5.0,combine,salt
44953,346,10.0,combine,coconut
44953,347,15.0,roll,chicken
44953,348,15.0,roll,butter
44953,349,15.0,roll,coconut
55665,350,2.857142857142857,combine,chutney
55665,351,2.857142857142857,combine,curry
55665,352,2.857142857142857,combine,paste
55665,353,2.857142857142857,combine,cumin
55665,354,8.571428571428571,combine,chicken
55665,355,8.571428571428571,combine,chutney
55665,356,8.571428571428571,combine,curry
55665,357,8.571428571428571,combine,cumin
55665,358,11.428571428571429,put,coconut
55665,359,11.428571428571429,coat,coconut
55665,360,11.428571428571429,put,chicken
55665,361,11.428571428571429,coat,chicken
55665,362,11.428571428571429,put,coconut
55665,363,11.428571428571429,coat,coconut
55665,364,17.142857142857142,serve,chutney
58167,365,0.0,combine,chicken
58167,366,0.0,combine,sauce
58167,367,7.0,crush,corn
58167,368,7.0,crush,flake
58167,369,14.0,use,garlic
58167,370,14.0,use,powder
58167,371,21.0,shake,sauce
58167,372,21.0,bake,sauce
58167,373,21.0,shake,chicken
58167,374,21.0,bake,chicken
58167,375,21.0,shake,corn
58167,376,21.0,bake,corn
58167,377,21.0,shake,flake
58167,378,21.0,bake,flake
58167,379,28.0,serve,sauce
58167,380,28.0,dip,sauce
59036,381,5.714285714285714,stir,corn
59036,382,5.714285714285714,stir,flake
59036,383,5.714285714285714,stir,crumb
59036,384,5.714285714285714,stir,oregano
59036,385,5.714285714285714,stir,thyme
59036,386,11.428571428571429,dip,chicken
59036,387,11.428571428571429,coat,chicken
59036,388,11.428571428571429,dip,butter
59036,389,11.428571428571429,coat,butter
59036,390,11.428571428571429,dip,crumb
59036,391,11.428571428571429,coat,crumb
59036,392,17.142857142857142,use,chicken
64883,393,0.0,dip,cutlet
64883,394,0.0,transfer,cutlet
64883,395,0.0,dip,cheese
64883,396,0.0,transfer,cheese
64883,397,0.0,dip,bag
64883,398,0.0,transfer,bag
64883,399,3.75,mix,cheese
64883,400,7.5,remember,chicken
64883,401,7.5,get,chicken
64883,402,7.5,go,chicken
64883,403,15.0,dip,cutlet
64883,404,15.0,flip,cutlet
64883,405,18.75,look,chicken
64883,406,18.75,cut,chicken
64883,407,26.25,look,chicken
67145,408,2.0,add,oil
67145,409,2.0,line,oil
67145,410,2.0,preheat,oil
67145,411,4.0,cube,chicken
67145,412,4.0,cube,breast
67145,413,6.0,mix,egg
67145,414,8.0,add,panko
67145,415,8.0,mix,panko
67145,416,8.0,add,salt
67145,417,8.0,mix,salt
67145,418,8.0,add,pepper
67145,419,8.0,mix,pepper
67145,420,10.0,take,chicken
67145,421,10.0,toss,chicken
67145,422,10.0,take,egg
67145,423,10.0,toss,egg
67145,424,14.0,roll,chicken
67145,425,14.0,pat,chicken
67145,426,16.0,bread,chicken
67145,427,20.0,space,chicken
67145,428,24.0,flip,chicken
67145,429,24.0,cook,chicken
67145,430,24.0,register,chicken
70289,431,0.0,combine,breadcrumb
70289,432,0.0,mix,breadcrumb
70289,433,0.0,combine,meal
70289,434,0.0,mix,meal
70289,435,0.0,combine,paprika
70289,436,0.0,mix,paprika
70289,437,0.0,combine,garlic
70289,438,0.0,mix,garlic
70289,439,0.0,combine,onion
70289,440,0.0,mix,onion
70289,441,0.0,combine,powder
70289,442,0.0,mix,powder
70289,443,2.2222222222222223,mix,egg
70289,444,2.2222222222222223,set,egg
70289,445,2.2222222222222223,mix,breadcrumb
70289,446,2.2222222222222223,set,breadcrumb
70289,447,4.444444444444445,sprinkle,chicken
70289,448,4.444444444444445,sprinkle,salt
70289,449,6.666666666666667,dip,egg
70289,450,6.666666666666667,toss,egg
70289,451,6.666666666666667,coat,egg
70289,452,6.666666666666667,dip,breadcrumb
70289,453,6.666666666666667,toss,breadcrumb
70289,454,6.666666666666667,coat,breadcrumb
70289,455,8.88888888888889,coat,nonstick
70289,456,8.88888888888889,cook,nonstick
70289,457,8.88888888888889,set,nonstick
70289,458,8.88888888888889,coat,spray
70289,459,8.88888888888889,cook,spray
70289,460,8.88888888888889,set,spray
70289,461,11.11111111111111,add,oil
70289,462,13.333333333333332,place,chicken
70289,463,13.333333333333332,crowd,chicken
70289,464,13.333333333333332,cook,chicken
70289,465,15.555555555555554,turn,chicken
70289,466,15.555555555555554,cook,chicken
70289,467,15.555555555555554,cook,chicken
70289,468,15.555555555555554,crisp,chicken
70515,469,0.0,heat,oil
70515,470,1.8,combine,egg
70515,471,1.8,combine,buttermilk
70515,472,1.8,combine,beer
70515,473,5.4,combine,flour
70515,474,5.4,combine,powder
70515,475,5.4,combine,soda
70515,476,5.4,combine,salt
70515,477,7.2,add,buttermilk
70515,478,7.2,mix,buttermilk
70515,479,7.2,add,egg
70515,480,7.2,mix,egg
70515,481,9.0,dredge,chicken
70515,482,9.0,dredge,flour
70515,483,10.8,dip,buttermilk
70515,484,12.600000000000001,roll,coconut
77441,485,0.0,pour,cheese
77441,486,0.0,bake,cheese
77441,487,0.0,bake,cheese
77441,488,7.142857142857143,put,chicken
77441,489,17.857142857142858,repeat,chicken
77441,490,17.857142857142858,coat,chicken
77441,491,21.42857142857143,bake,chicken
90125,492,0.0,combine,chicken
90125,493,0.0,combine,water
90125,494,0.0,combine,oil
90125,495,0.0,combine,garlic
90125,496,0.0,combine,pepper
90125,497,5.0,marinade,chicken
90125,498,10.0,shake,chicken
90125,499,15.0,use,salt
90125,500,15.0,use,cayenne
90125,501,15.0,use,pepper
90125,502,25.0,drain,chicken
90125,503,30.0,mix,chicken
90125,504,40.0,use,chicken
91692,505,0.0,cut,chicken
91692,506,0.0,cut,thigh
91692,507,7.5,dip,egg
91692,508,7.5,dip,milk
91692,509,11.25,roll,mix
91692,510,11.25,stuff,mix
91692,511,18.75,come,butter
91692,512,18.75,add,butter
91692,513,18.75,cook,butter
91692,514,18.75,come,oil
91692,515,18.75,add,oil
91692,516,18.75,cook,oil
91692,517,18.75,come,chicken
91692,518,18.75,add,chicken
91692,519,18.75,cook,chicken
93056,520,4.285714285714286,cut,chicken
93056,521,4.285714285714286,cut,breast
93056,522,17.142857142857142,put,potato
93056,523,17.142857142857142,put,flake
93794,524,2.857142857142857,cut,chicken
93794,525,5.714285714285714,soak,chicken
93794,526,5.714285714285714,soak,milk
93794,527,8.571428571428571,use,flour
93794,528,11.428571428571429,dip,chicken
93794,529,11.428571428571429,dip,flour
94047,530,0.0,mix,goldfish
94047,531,0.0,mix,onion
94047,532,0.0,mix,garlic
94047,533,0.0,mix,salt
94047,534,6.666666666666667,toss,chicken
94047,535,6.666666666666667,toss,oil
94047,536,13.333333333333334,put,chicken
94047,537,13.333333333333334,shake,chicken
94047,538,13.333333333333334,shake,chicken
94047,539,13.333333333333334,shake,chicken
94047,540,33.333333333333336,use,goldfish
94047,541,33.333333333333336,blast,goldfish
103121,542,3.3333333333333335,cut,chicken
103121,543,3.3333333333333335,set,chicken
103121,544,6.666666666666667,combine,wheat
103121,545,6.666666666666667,combine,germ
103121,546,6.666666666666667,combine,salt
103121,547,6.666666666666667,combine,garlic
103121,548,6.666666666666667,combine,powder
103121,549,6.666666666666667,combine,pepper
103121,550,13.333333333333334,combine,water
103121,551,13.333333333333334,combine,egg
103121,552,16.666666666666668,dip,chicken
103121,553,16.666666666666668,drop,chicken
103121,554,16.666666666666668,dip,egg
103121,555,16.666666666666668,drop,egg
103121,556,20.0,shake,chicken
103121,557,20.0,coat,chicken
103121,558,23.333333333333332,coat,chicken
103469,559,7.142857142857143,combine,breadcrumb
103469,560,7.142857142857143,combine,garlic
103469,561,7.142857142857143,combine,flake
103469,562,7.142857142857143,combine,flour
103469,563,7.142857142857143,combine,salt
103469,564,14.285714285714286,add,yogurt
103469,565,14.285714285714286,stir,yogurt
103469,566,14.285714285714286,add,lemon
103469,567,14.285714285714286,stir,lemon
103469,568,14.285714285714286,add,juice
103469,569,14.285714285714286,stir,juice
103469,570,21.42857142857143,dip,chicken
103469,571,21.42857142857143,roll,chicken
103469,572,21.42857142857143,dip,yogurt
103469,573,21.42857142857143,roll,yogurt
103469,574,21.42857142857143,dip,breadcrumb
103469,575,21.42857142857143,roll,breadcrumb
103469,576,35.714285714285715,drizzle,oil
105766,577,3.888888888888889,combine,cereal
105766,578,3.888888888888889,combine,cheese
105766,579,3.888888888888889,combine,salt
105766,580,3.888888888888889,combine,paprika
105766,581,3.888888888888889,combine,garlic
105766,582,3.888888888888889,combine,powder
105766,583,7.777777777777778,mix,mayonnaise
105766,584,7.777777777777778,mix,honey
105766,585,7.777777777777778,mix,mustard
105766,586,11.666666666666666,stir,chicken
105766,587,15.555555555555555,roll,cereal
105766,588,15.555555555555555,coat,cereal
106421,589,0.0,cut,chicken
106421,590,4.166666666666667,mix,egg
106421,591,4.166666666666667,mix,ranch
106421,592,4.166666666666667,mix,sugar
106421,593,4.166666666666667,mix,milk
106421,594,8.333333333333334,mix,flour
106421,595,8.333333333333334,mix,breadcrumb
106421,596,8.333333333333334,mix,sugar
106421,597,8.333333333333334,mix,salt
106421,598,8.333333333333334,mix,&
106421,599,8.333333333333334,mix,pepper
106421,600,8.333333333333334,mix,cheese
106421,601,12.5,coat,chicken
106421,602,16.666666666666668,pour,vegetable
106421,603,16.666666666666668,coat,vegetable
106421,604,16.666666666666668,pour,oil
106421,605,16.666666666666668,coat,oil
106421,606,20.833333333333336,coat,chicken
106421,607,20.833333333333336,fry,chicken
106421,608,20.833333333333336,cook,chicken
106421,609,20.833333333333336,coat,oil
106421,610,20.833333333333336,fry,oil
106421,611,20.833333333333336,cook,oil
107600,612,0.0,cut,chicken
107600,613,3.4,combine,mustard
107600,614,3.4,combine,mayonnaise
107600,615,3.4,combine,honey
107600,616,3.4,combine,salt
107600,617,3.4,combine,pepper
107600,618,6.8,coat,chicken
107600,619,13.6,prepare,mayonnaise
107600,620,13.6,dip,mayonnaise
107600,621,13.6,prepare,mustard
107600,622,13.6,dip,mustard
107600,623,13.6,prepare,honey
107600,624,13.6,dip,honey
107600,625,13.6,prepare,chicken
107600,626,13.6,dip,chicken
114071,627,0.0,combine,chicken
114071,628,0.0,blend,chicken
114071,629,0.0,add,chicken
114071,630,28.571428571428573,add,chicken
114071,631,28.571428571428573,mix,chicken
114071,632,28.571428571428573,make,chicken
114071,633,28.571428571428573,coat,chicken
114071,634,57.142857142857146,allow,chicken
114071,635,57.142857142857146,cover,chicken
114071,636,57.142857142857146,allow,chicken
114071,637,57.142857142857146,cover,chicken
114205,638,0.0,prepare,chicken
114205,639,0.0,peel,chicken
114205,640,0.0,prepare,garlic
114205,641,0.0,peel,garlic
114205,642,0.0,prepare,lemon
114205,643,0.0,peel,lemon
114205,644,1.6666666666666667,put,butter
114205,645,1.6666666666666667,put,garlic
114205,646,1.6666666666666667,put,parsley
114205,647,1.6666666666666667,put,lemon
114205,648,1.6666666666666667,put,salt
114205,649,1.6666666666666667,put,pepper
114205,650,5.0,sprinkle,flour
114205,651,6.666666666666667,crack,egg
114205,652,6.666666666666667,beat,egg
114205,653,8.333333333333334,score,chicken
114205,654,8.333333333333334,score,breast
114205,655,10.0,put,breast
114205,656,10.0,wrap,breast
114205,657,10.0,bash,breast
114205,658,10.0,flatten,breast
114205,659,11.666666666666666,dip,chicken
114205,660,11.666666666666666,coat,chicken
114205,661,11.666666666666666,dip,chicken
114205,662,11.666666666666666,dip,flour
114205,663,11.666666666666666,coat,flour
114205,664,11.666666666666666,dip,flour
114205,665,11.666666666666666,dip,egg
114205,666,11.666666666666666,coat,egg
114205,667,11.666666666666666,dip,egg
114205,668,13.333333333333332,push,chicken
114205,669,13.333333333333332,want,chicken
114205,670,13.333333333333332,coat,chicken
114205,671,13.333333333333332,push,breast
114205,672,13.333333333333332,want,breast
114205,673,13.333333333333332,coat,breast
114205,674,14.999999999999998,cook,chicken
114205,675,14.999999999999998,bake,chicken
114205,676,14.999999999999998,fry,chicken
114205,677,14.999999999999998,cook,chicken
114205,678,14.999999999999998,bake,chicken
114205,679,14.999999999999998,fry,chicken
114205,680,16.666666666666664,preheat,chicken
114205,681,16.666666666666664,place,chicken
114205,682,18.333333333333332,put,oil
114205,683,18.333333333333332,add,oil
114205,684,18.333333333333332,cook,oil
114205,685,18.333333333333332,cook,oil
114205,686,18.333333333333332,put,chicken
114205,687,18.333333333333332,add,chicken
114205,688,18.333333333333332,cook,chicken
114205,689,18.333333333333332,cook,chicken
114205,690,18.333333333333332,put,breast
114205,691,18.333333333333332,add,breast
114205,692,18.333333333333332,cook,breast
114205,693,18.333333333333332,cook,breast
114205,694,20.0,serve,chicken
114205,695,20.0,serve,chicken
114205,696,20.0,cut,chicken
114205,697,20.0,pile,chicken
114205,698,20.0,serve,chicken
114205,699,20.0,serve,chicken
114205,700,20.0,cut,chicken
114205,701,20.0,pile,chicken
114205,702,20.0,serve,breast
114205,703,20.0,serve,breast
114205,704,20.0,cut,breast
114205,705,20.0,pile,breast
114205,706,21.666666666666668,serve,lemon
114205,707,21.666666666666668,squeeze,lemon
114205,708,21.666666666666668,serve,salt
114205,709,21.666666666666668,squeeze,salt
114730,710,3.375,use,chicken
114730,711,3.375,use,flour
114730,712,6.75,place,chip
114730,713,10.125,whisk,egg
114730,714,10.125,whisk,milk
114730,715,13.5,dunk,chicken
114730,716,13.5,dunk,egg
114730,717,13.5,dunk,potato
114730,718,13.5,dunk,chip
114730,719,16.875,put,chicken
114730,720,20.25,shake,chicken
114730,721,20.25,coat,chicken
114730,722,20.25,bake,chicken
123652,723,4.923076923076923,cut,chicken
123652,724,7.384615384615385,combine,flour
123652,725,7.384615384615385,combine,chili
123652,726,7.384615384615385,combine,powder
123652,727,7.384615384615385,combine,salt
123652,728,9.846153846153847,add,chicken
123652,729,9.846153846153847,shake,chicken
123652,730,12.307692307692308,combine,egg
123652,731,12.307692307692308,combine,milk
123652,732,17.230769230769234,use,chicken
123652,733,17.230769230769234,turn,chicken
123652,734,17.230769230769234,use,egg
123652,735,17.230769230769234,turn,egg
134195,736,0.0,combine,cornmeal
134195,737,0.0,combine,chili
134195,738,0.0,combine,powder
134195,739,0.0,combine,cumin
134195,740,2.2,add,chicken
134195,741,2.2,bowl,chicken
134195,742,2.2,toss,chicken
134195,743,2.2,coat,chicken
134195,744,4.4,use,oil
134195,745,6.6000000000000005,add,chicken
134195,746,6.6000000000000005,stir,chicken
134195,747,6.6000000000000005,brown,chicken
134195,748,6.6000000000000005,add,chicken
134195,749,6.6000000000000005,stir,chicken
134195,750,6.6000000000000005,brown,chicken
136767,751,0.0,cut,chicken
136767,752,0.0,cut,breast
136767,753,9.0,mix,egg
136767,754,9.0,mix,paprika
136767,755,18.0,mix,corn
136767,756,18.0,mix,chip
136767,757,18.0,mix,parsley
136767,758,27.0,dip,chicken
136767,759,27.0,coat,chicken
136767,760,27.0,dip,egg
136767,761,27.0,coat,egg
136767,762,36.0,turn,oil
136767,763,36.0,bake,oil
138125,764,2.9166666666666665,use,flour
138125,765,2.9166666666666665,use,salt
138125,766,2.9166666666666665,use,pepper
138125,767,5.833333333333333,beat,milk
138125,768,5.833333333333333,beat,egg
138125,769,8.75,combine,breadcrumb
138125,770,8.75,combine,cheese
138125,771,11.666666666666666,dip,chicken
138125,772,11.666666666666666,dip,flour
138125,773,11.666666666666666,dip,egg
138125,774,11.666666666666666,dip,breadcrumb
138125,775,14.583333333333332,use,chicken
138125,776,14.583333333333332,use,butter
138125,777,17.5,bake,chicken
138125,778,17.5,cook,chicken
138125,779,26.250000000000004,serve,catsup
138125,780,26.250000000000004,desire,catsup
144401,781,4.444444444444445,slice,bread
144401,782,4.444444444444445,toast,bread
144401,783,4.444444444444445,brown,bread
144401,784,13.333333333333334,add,garlic
144401,785,13.333333333333334,add,powder
144401,786,13.333333333333334,add,paprika
144401,787,13.333333333333334,add,marjoram
144401,788,13.333333333333334,add,almond
144401,789,22.22222222222222,beat,egg
144401,790,22.22222222222222,add,egg
144401,791,22.22222222222222,beat,milk
144401,792,22.22222222222222,add,milk
144401,793,22.22222222222222,beat,chicken
144401,794,22.22222222222222,add,chicken
144401,795,26.666666666666664,drain,chicken
144401,796,26.666666666666664,toss,chicken
144401,797,26.666666666666664,coat,chicken
144401,798,31.111111111111107,arrange,chicken
144401,799,31.111111111111107,bake,chicken
144401,800,31.111111111111107,cook,chicken
144641,801,2.5,use,spray
144641,802,2.5,use,spray
144641,803,7.5,combine,mustard
144641,804,7.5,preserve,mustard
144641,805,7.5,combine,preserve
144641,806,7.5,preserve,preserve
144641,807,12.5,cut,chicken
144641,808,15.0,spray,spray
144641,809,15.0,coat,spray
144641,810,15.0,spray,spray
144641,811,15.0,coat,spray
144641,812,15.0,spray,cracker
144641,813,15.0,coat,cracker
144641,814,20.0,spray,spray
144641,815,20.0,spray,spray
144641,816,22.5,bake,chicken
144641,817,22.5,run,chicken
144641,818,22.5,turn,chicken
144641,819,25.0,serve,mustard
144641,820,27.5,use,mustard
144641,821,27.5,use,mustard
145928,822,0.0,use,buttermilk
145928,823,0.0,use,sauce
145928,824,0.0,use,salt
145928,825,1.875,cut,chicken
145928,826,1.875,cut,breast
145928,827,3.75,cut,chicken
145928,828,3.75,cut,chicken
145928,829,5.625,add,chicken
145928,830,5.625,refrigerate,chicken
145928,831,5.625,add,buttermilk
145928,832,5.625,refrigerate,buttermilk
145928,833,9.375,use,flour
145928,834,9.375,use,cornstarch
145928,835,9.375,use,flour
145928,836,9.375,use,paprika
145928,837,9.375,use,salt
145928,838,9.375,use,pepper
145928,839,9.375,use,garlic
145928,840,9.375,use,powder
145928,841,9.375,use,onion
145928,842,9.375,use,powder
145928,843,9.375,use,sage
145928,844,13.125,remove,chicken
145928,845,13.125,remove,buttermilk
145928,846,13.125,remove,flour
145928,847,15.0,fry,oil
145928,848,16.875,remove,oil
145928,849,16.875,fry,oil
145928,850,16.875,remove,chicken
145928,851,16.875,fry,chicken
145928,852,20.625,put,chicken
145928,853,26.25,like,sauce
145928,854,26.25,serve,sauce
145928,855,26.25,dip,sauce
145928,856,28.125,combine,sauce
150836,857,2.857142857142857,trim,chicken
150836,858,4.285714285714286,cut,chicken
150836,859,5.714285714285714,use,flour
150836,860,5.714285714285714,use,paprika
150836,861,5.714285714285714,use,salt
150836,862,5.714285714285714,use,pepper
150836,863,10.0,use,chicken
150836,864,10.0,use,buttermilk
150836,865,12.857142857142858,dip,chicken
150836,866,15.714285714285715,use,chicken
150836,867,17.142857142857142,bake,chicken
154646,868,4.166666666666667,spread,potato
154646,869,4.166666666666667,spread,chip
154646,870,8.333333333333334,beat,egg
154646,871,8.333333333333334,beat,milk
154646,872,12.5,dip,chicken
154646,873,12.5,dredge,chicken
154646,874,12.5,dip,egg
154646,875,12.5,dredge,egg
154646,876,12.5,dip,chip
154646,877,12.5,dredge,chip
154646,878,16.666666666666668,place,chicken
154646,879,16.666666666666668,place,butter
164685,880,3.125,spread,potato
164685,881,3.125,spread,chip
164685,882,6.25,beat,egg
164685,883,6.25,beat,milk
164685,884,9.375,dip,chicken
164685,885,9.375,dredge,chicken
164685,886,9.375,dip,egg
164685,887,9.375,dredge,egg
164685,888,9.375,dip,chip
164685,889,9.375,dredge,chip
164685,890,12.5,place,chicken
164685,891,12.5,place,butter
170459,892,6.428571428571429,rinse,chicken
170459,893,6.428571428571429,pat,chicken
170459,894,12.857142857142858,stir,butter
170459,895,12.857142857142858,stir,garlic
170459,896,12.857142857142858,stir,salt
170459,897,12.857142857142858,stir,pepper
170459,898,19.285714285714285,add,chicken
170459,899,19.285714285714285,toss,chicken
170459,900,25.714285714285715,roll,chip
170459,901,32.142857142857146,sprinkle,chip
171576,902,5.625,mix,mix
171576,903,11.25,put,egg
171576,904,11.25,put,mix
171576,905,16.875,cut,chicken
171576,906,22.5,dip,chicken
171576,907,22.5,dip,egg
171576,908,22.5,dip,flour
171576,909,33.75,cook,chicken
171576,910,33.75,cook,chicken
174523,911,0.0,put,chicken
174523,912,0.0,lie,chicken
174523,913,0.0,put,breast
174523,914,0.0,lie,breast
174523,915,74.5,bash,chicken
174523,916,74.5,take,chicken
174523,917,74.5,slice,chicken
174523,918,149.0,repeat,chicken
174523,919,149.0,repeat,breast
174523,920,223.5,put,buttermilk
174523,921,223.5,leave,buttermilk
174523,922,223.5,marinade,buttermilk
174523,923,298.0,cook,oil
174523,924,298.0,heat,oil
174523,925,298.0,preheat,oil
174523,926,372.5,coat,oil
174523,927,372.5,lie,oil
174523,928,372.5,cook,oil
174523,929,447.0,transfer,oil
174523,930,447.0,blot,oil
174523,931,521.5,lay,chicken
174523,932,521.5,bake,chicken
183971,933,2.857142857142857,use,chicken
183971,934,2.857142857142857,use,egg
183971,935,2.857142857142857,use,milk
183971,936,2.857142857142857,use,garlic
183971,937,2.857142857142857,use,powder
183971,938,2.857142857142857,use,sesame
183971,939,2.857142857142857,use,seed
183971,940,2.857142857142857,use,flour
183971,941,4.285714285714286,add,chicken
183971,942,4.285714285714286,stir,chicken
183971,943,5.714285714285714,use,oil
183971,944,5.714285714285714,add,oil
183971,945,5.714285714285714,fry,oil
183971,946,5.714285714285714,use,chicken
183971,947,5.714285714285714,add,chicken
183971,948,5.714285714285714,fry,chicken
195546,949,0.0,cut,chicken
195546,950,0.0,cut,breast
195546,951,2.5,combine,garlic
195546,952,2.5,combine,onion
195546,953,2.5,combine,powder
195546,954,2.5,combine,cumin
195546,955,7.5,coat,chicken
195546,956,10.0,sprinkle,garlic
195546,957,10.0,sprinkle,salt
195546,958,10.0,sprinkle,pepper
195546,959,10.0,sprinkle,chicken
195546,960,15.0,use,oil
195546,961,17.5,add,chicken
195546,962,17.5,cook,chicken
207735,963,6.0,use,taco
207735,964,6.0,use,butter
207735,965,12.0,dip,egg
207735,966,12.0,coat,egg
207735,967,18.0,bake,chicken
207735,968,18.0,til,chicken
207735,969,24.0,serve,picante
207735,970,24.0,dip,picante
207735,971,24.0,serve,sauce
207735,972,24.0,dip,sauce
208924,973,0.0,cut,chicken
208924,974,0.0,mix,chicken
208924,975,0.0,cut,breadcrumb
208924,976,0.0,mix,breadcrumb
208924,977,0.0,cut,cheese
208924,978,0.0,mix,cheese
208924,979,0.0,cut,salt
208924,980,0.0,mix,salt
208924,981,0.0,cut,thyme
208924,982,0.0,mix,thyme
208924,983,0.0,cut,basil
208924,984,0.0,mix,basil
208924,985,6.0,dip,chicken
208924,986,6.0,dip,butter
208924,987,9.0,use,breadcrumb
208924,988,15.0,bake,lemon
208924,989,15.0,serve,lemon
208924,990,15.0,bake,wedge
208924,991,15.0,serve,wedge
209369,992,5.555555555555555,toss,chicken
209369,993,5.555555555555555,roll,chicken
215609,994,0.0,mix,sauce
215609,995,0.0,mix,garlic
215609,996,0.0,mix,salt
215609,997,0.0,mix,pepper
215609,998,10.0,place,chicken
215609,999,10.0,let,chicken
215609,1000,10.0,sit,chicken
215609,1001,20.0,mix,flour
215609,1002,20.0,mix,flour
215609,1003,30.0,take,chicken
215609,1004,30.0,coat,chicken
215609,1005,30.0,take,flour
215609,1006,30.0,coat,flour
215609,1007,40.0,heat,oil
215609,1008,40.0,heat,chicken
215609,1009,50.0,serve,lemon
215609,1010,50.0,garnish,lemon
221189,1011,0.0,put,water
221189,1012,0.0,stir,water
221189,1013,0.0,put,bouillon
221189,1014,0.0,stir,bouillon
221189,1015,8.571428571428571,stir,potato
221189,1016,8.571428571428571,make,potato
221189,1017,8.571428571428571,form,potato
221189,1018,11.428571428571429,mix,salt
221189,1019,11.428571428571429,taste,salt
221189,1020,11.428571428571429,mix,pepper
221189,1021,11.428571428571429,taste,pepper
221189,1022,14.285714285714286,dip,potato
221189,1023,14.285714285714286,cover,potato
221189,1024,14.285714285714286,dip,chip
221189,1025,14.285714285714286,cover,chip
225631,1026,0.0,crush,garlic
225631,1027,0.0,stir,garlic
225631,1028,0.0,set,garlic
225631,1029,0.0,crush,clove
225631,1030,0.0,stir,clove
225631,1031,0.0,set,clove
225631,1032,0.0,crush,oil
225631,1033,0.0,stir,oil
225631,1034,0.0,set,oil
225631,1035,3.5714285714285716,cut,chicken
225631,1036,7.142857142857143,mix,water
225631,1037,7.142857142857143,make,water
225631,1038,7.142857142857143,add,water
225631,1039,7.142857142857143,coat,water
225631,1040,7.142857142857143,mix,water
225631,1041,7.142857142857143,make,water
225631,1042,7.142857142857143,add,water
225631,1043,7.142857142857143,coat,water
225631,1044,7.142857142857143,mix,chicken
225631,1045,7.142857142857143,make,chicken
225631,1046,7.142857142857143,add,chicken
225631,1047,7.142857142857143,coat,chicken
225631,1048,10.714285714285715,fill,polenta
225631,1049,14.285714285714286,dunk,chicken
225631,1050,14.285714285714286,ensure,chicken
225631,1051,14.285714285714286,cover,chicken
225631,1052,14.285714285714286,dunk,polenta
225631,1053,14.285714285714286,ensure,polenta
225631,1054,14.285714285714286,cover,polenta
225631,1055,14.285714285714286,dunk,chicken
225631,1056,14.285714285714286,ensure,chicken
225631,1057,14.285714285714286,cover,chicken
225631,1058,17.857142857142858,coat,chicken
225631,1059,17.857142857142858,heat,chicken
225631,1060,17.857142857142858,add,chicken
225631,1061,17.857142857142858,cook,chicken
225631,1062,17.857142857142858,coat,garlic
225631,1063,17.857142857142858,heat,garlic
225631,1064,17.857142857142858,add,garlic
225631,1065,17.857142857142858,cook,garlic
225631,1066,17.857142857142858,coat,oil
225631,1067,17.857142857142858,heat,oil
225631,1068,17.857142857142858,add,oil
225631,1069,17.857142857142858,cook,oil
230412,1070,3.3333333333333335,cut,chicken
230412,1071,5.0,combine,salt
230412,1072,5.0,combine,pepper
230412,1073,5.0,combine,breadcrumb
230412,1074,5.0,combine,cheese
230412,1075,5.0,combine,thyme
230412,1076,8.333333333333334,dip,chicken
230412,1077,8.333333333333334,dip,butter
230412,1078,11.666666666666666,bake,chicken
230412,1079,14.999999999999998,use,horseradish
230412,1080,16.666666666666664,mix,cream
230412,1081,16.666666666666664,mix,horseradish
230412,1082,16.666666666666664,mix,pepper
230412,1083,16.666666666666664,mix,salt
